cell_id,west,south,east,north,occurrence_count
gh5-00000,-170.0244140625,-14.2822265625,-169.98046875,-14.23828125,60506
gh5-00001,-170.0244140625,-14.677734375,-169.98046875,-14.6337890625,47785
gh5-00002,-169.62890625,-14.1943359375,-169.5849609375,-14.150390625,16251
gh5-00003,-170.771484375,-14.3701171875,-170.7275390625,-14.326171875,14562
gh5-00004,-169.716796875,-14.1943359375,-169.6728515625,-14.150390625,14136
gh5-00005,-169.6728515625,-14.1943359375,-169.62890625,-14.150390625,12872
gh5-00006,-170.6396484375,-14.2822265625,-170.595703125,-14.23828125,10397
gh5-00007,-170.595703125,-14.2822265625,-170.5517578125,-14.23828125,10124
gh5-00008,-170.68359375,-14.2822265625,-170.6396484375,-14.23828125,9819
gh5-00009,-170.8154296875,-14.3701171875,-170.771484375,-14.326171875,9414
gh5-00010,-169.453125,-14.23828125,-169.4091796875,-14.1943359375,9327
gh5-00011,-170.68359375,-14.326171875,-170.6396484375,-14.2822265625,8865
gh5-00012,-170.8154296875,-14.326171875,-170.771484375,-14.2822265625,8232
gh5-00013,-169.541015625,-14.2822265625,-169.4970703125,-14.23828125,8142
gh5-00014,-169.4970703125,-14.23828125,-169.453125,-14.1943359375,7504
gh5-00015,-169.541015625,-14.23828125,-169.4970703125,-14.1943359375,6610
gh5-00016,-170.7275390625,-14.2822265625,-170.68359375,-14.23828125,6525
gh5-00017,-169.453125,-14.2822265625,-169.4091796875,-14.23828125,6248
gh5-00018,-169.4970703125,-14.2822265625,-169.453125,-14.23828125,6225
gh5-00019,-170.771484375,-14.326171875,-170.7275390625,-14.2822265625,5343
gh5-00020,-170.7275390625,-14.3701171875,-170.68359375,-14.326171875,5319
gh5-00021,-170.7275390625,-14.326171875,-170.68359375,-14.2822265625,5048
gh5-00022,-170.859375,-14.326171875,-170.8154296875,-14.2822265625,5031
gh5-00023,-170.595703125,-14.326171875,-170.5517578125,-14.2822265625,4562
gh5-00024,-170.6396484375,-14.326171875,-170.595703125,-14.2822265625,4392
gh5-00025,-170.859375,-14.3701171875,-170.8154296875,-14.326171875,3732
gh5-00026,-170.5517578125,-14.2822265625,-170.5078125,-14.23828125,2509
gh5-00027,-170.68359375,-14.23828125,-170.6396484375,-14.1943359375,1855
gh5-00028,-169.0576171875,-14.23828125,-169.013671875,-14.1943359375,1443
gh5-00029,-170.771484375,-14.2822265625,-170.7275390625,-14.23828125,1300
gh5-00030,-170.8154296875,-14.2822265625,-170.771484375,-14.23828125,914
gh5-00031,-170.0244140625,-14.501953125,-169.98046875,-14.4580078125,797
gh5-00032,-169.1015625,-14.23828125,-169.0576171875,-14.1943359375,788
gh5-00033,-170.5517578125,-14.326171875,-170.5078125,-14.2822265625,749
gh5-00034,-170.33203125,-14.3701171875,-170.2880859375,-14.326171875,714
gh5-00035,-170.771484375,-14.4140625,-170.7275390625,-14.3701171875,711
gh5-00036,-170.1123046875,-14.0625,-170.068359375,-14.0185546875,593
gh5-00037,-170.7275390625,-14.23828125,-170.68359375,-14.1943359375,532
gh5-00038,-170.5078125,-14.2822265625,-170.4638671875,-14.23828125,529
gh5-00039,-170.8154296875,-14.4140625,-170.771484375,-14.3701171875,337
gh5-00040,-169.62890625,-14.150390625,-169.5849609375,-14.1064453125,324
gh5-00041,-170.771484375,-14.23828125,-170.7275390625,-14.1943359375,303
gh5-00042,-170.6396484375,-14.8974609375,-170.595703125,-14.853515625,217
gh5-00043,-169.716796875,-14.23828125,-169.6728515625,-14.1943359375,201
gh5-00044,-170.68359375,-14.3701171875,-170.6396484375,-14.326171875,169
gh5-00045,-170.8154296875,-14.1943359375,-170.771484375,-14.150390625,166
gh5-00046,-170.0244140625,-15,-169.98046875,-14.9853515625,163
gh5-00047,-169.0576171875,-14.1943359375,-169.013671875,-14.150390625,153
gh5-00048,-170.0244140625,-14.5458984375,-169.98046875,-14.501953125,98
gh5-00049,-170.771484375,-14.853515625,-170.7275390625,-14.8095703125,97
gh5-00050,-169.541015625,-14.326171875,-169.4970703125,-14.2822265625,95
gh5-00051,-169.6728515625,-14.1064453125,-169.62890625,-14.0625,79
gh5-00052,-169.541015625,-14.1943359375,-169.4970703125,-14.150390625,52
gh5-00053,-170.0244140625,-14.0185546875,-169.98046875,-14,44
gh5-00054,-169.541015625,-14.150390625,-169.4970703125,-14.1064453125,43
gh5-00055,-170.6396484375,-14.3701171875,-170.595703125,-14.326171875,35
gh5-00056,-170.6396484375,-14.23828125,-170.595703125,-14.1943359375,29
gh5-00057,-170.9033203125,-14.3701171875,-170.859375,-14.326171875,28
gh5-00058,-170.15625,-14.2822265625,-170.1123046875,-14.23828125,27
gh5-00059,-170.68359375,-14.8974609375,-170.6396484375,-14.853515625,27
gh5-00060,-171,-14.0185546875,-170.9912109375,-14,26
gh5-00061,-170.68359375,-14.4140625,-170.6396484375,-14.3701171875,26
gh5-00062,-169.7607421875,-14.1943359375,-169.716796875,-14.150390625,21
gh5-00063,-170.595703125,-14.23828125,-170.5517578125,-14.1943359375,21
gh5-00064,-170.859375,-14.2822265625,-170.8154296875,-14.23828125,21
gh5-00065,-170.6396484375,-14.4140625,-170.595703125,-14.3701171875,20
gh5-00066,-170.68359375,-14.150390625,-170.6396484375,-14.1064453125,19
gh5-00067,-170.068359375,-14.5458984375,-170.0244140625,-14.501953125,17
gh5-00068,-169.1455078125,-14.23828125,-169.1015625,-14.1943359375,16
gh5-00069,-169.716796875,-14.0185546875,-169.6728515625,-14,15
gh5-00070,-170.8154296875,-14.23828125,-170.771484375,-14.1943359375,15
gh5-00071,-170.7275390625,-14.4140625,-170.68359375,-14.3701171875,14
gh5-00072,-169.716796875,-14.0625,-169.6728515625,-14.0185546875,13
gh5-00073,-169.716796875,-14.1064453125,-169.6728515625,-14.0625,12
gh5-00074,-169.7607421875,-14.0625,-169.716796875,-14.0185546875,11
gh5-00075,-169.6728515625,-14.0625,-169.62890625,-14.0185546875,10
gh5-00076,-169.716796875,-14.150390625,-169.6728515625,-14.1064453125,10
gh5-00077,-169.8046875,-14.1064453125,-169.7607421875,-14.0625,10
gh5-00078,-170.0244140625,-14.3701171875,-169.98046875,-14.326171875,10
gh5-00079,-170.068359375,-14.3701171875,-170.0244140625,-14.326171875,10
gh5-00080,-169.453125,-14.326171875,-169.4091796875,-14.2822265625,9
gh5-00081,-169.6728515625,-14.150390625,-169.62890625,-14.1064453125,9
gh5-00082,-169.7607421875,-14.1064453125,-169.716796875,-14.0625,9
gh5-00083,-169.4970703125,-14.3701171875,-169.453125,-14.326171875,8
gh5-00084,-169.5849609375,-14.3701171875,-169.541015625,-14.326171875,8
gh5-00085,-169.453125,-14.3701171875,-169.4091796875,-14.326171875,7
gh5-00086,-169.5849609375,-14.23828125,-169.541015625,-14.1943359375,7
gh5-00087,-169.7607421875,-14.150390625,-169.716796875,-14.1064453125,7
gh5-00088,-170.2880859375,-14.150390625,-170.244140625,-14.1064453125,7
gh5-00089,-169.8046875,-14.0185546875,-169.7607421875,-14,6
gh5-00090,-169.8046875,-14.0625,-169.7607421875,-14.0185546875,6
gh5-00091,-169.62890625,-14.23828125,-169.5849609375,-14.1943359375,6
gh5-00092,-169.8046875,-14.1943359375,-169.7607421875,-14.150390625,6
gh5-00093,-169.8046875,-14.23828125,-169.7607421875,-14.1943359375,6
gh5-00094,-169.4970703125,-14.326171875,-169.453125,-14.2822265625,6
gh5-00095,-169.4970703125,-14.4140625,-169.453125,-14.3701171875,6
gh5-00096,-170.595703125,-14.6337890625,-170.5517578125,-14.58984375,6
gh5-00097,-169.62890625,-14.1064453125,-169.5849609375,-14.0625,5
gh5-00098,-169.62890625,-14.0185546875,-169.5849609375,-14,4
gh5-00099,-169.62890625,-14.0625,-169.5849609375,-14.0185546875,4
gh5-00100,-169.4091796875,-14.326171875,-169.365234375,-14.2822265625,4
gh5-00101,-169.8046875,-14.150390625,-169.7607421875,-14.1064453125,4
gh5-00102,-169.5849609375,-14.326171875,-169.541015625,-14.2822265625,4
gh5-00103,-169.541015625,-14.3701171875,-169.4970703125,-14.326171875,4
gh5-00104,-169.541015625,-14.4140625,-169.4970703125,-14.3701171875,4
gh5-00105,-169.62890625,-14.4140625,-169.5849609375,-14.3701171875,4
gh5-00106,-170.5517578125,-14.23828125,-170.5078125,-14.1943359375,4
gh5-00107,-170.771484375,-14.150390625,-170.7275390625,-14.1064453125,4
gh5-00108,-169.6728515625,-14.0185546875,-169.62890625,-14,3
gh5-00109,-169.5849609375,-14.4140625,-169.541015625,-14.3701171875,3
gh5-00110,-169.6728515625,-14.2822265625,-169.62890625,-14.23828125,3
gh5-00111,-169.716796875,-14.3701171875,-169.6728515625,-14.326171875,3
gh5-00112,-170.5078125,-14.501953125,-170.4638671875,-14.4580078125,3
gh5-00113,-170.947265625,-14.6337890625,-170.9033203125,-14.58984375,3
gh5-00114,-171,-15,-170.9912109375,-14.9853515625,3
gh5-00115,-169.7607421875,-14.0185546875,-169.716796875,-14,2
gh5-00116,-169.6728515625,-14.23828125,-169.62890625,-14.1943359375,2
gh5-00117,-169.62890625,-14.326171875,-169.5849609375,-14.2822265625,2
gh5-00118,-170.1123046875,-14.1943359375,-170.068359375,-14.150390625,2
gh5-00119,-170.1123046875,-14.501953125,-170.068359375,-14.4580078125,2
gh5-00120,-170.1123046875,-14.5458984375,-170.068359375,-14.501953125,2
gh5-00121,-170.3759765625,-14.7216796875,-170.33203125,-14.677734375,2
gh5-00122,-170.595703125,-14.501953125,-170.5517578125,-14.4580078125,2
gh5-00123,-170.9033203125,-14.326171875,-170.859375,-14.2822265625,2
gh5-00124,-170.9033203125,-14.5458984375,-170.859375,-14.501953125,2
gh5-00125,-169.4970703125,-14.0625,-169.453125,-14.0185546875,1
gh5-00126,-170.15625,-14.0625,-170.1123046875,-14.0185546875,1
gh5-00127,-169.4091796875,-14.23828125,-169.365234375,-14.1943359375,1
gh5-00128,-169.4091796875,-14.3701171875,-169.365234375,-14.326171875,1
gh5-00129,-169.4091796875,-14.4140625,-169.365234375,-14.3701171875,1
gh5-00130,-169.4970703125,-14.1943359375,-169.453125,-14.150390625,1
gh5-00131,-169.7607421875,-14.23828125,-169.716796875,-14.1943359375,1
gh5-00132,-169.5849609375,-14.2822265625,-169.541015625,-14.23828125,1
gh5-00133,-169.62890625,-14.2822265625,-169.5849609375,-14.23828125,1
gh5-00134,-169.62890625,-14.3701171875,-169.5849609375,-14.326171875,1
gh5-00135,-169.7607421875,-14.2822265625,-169.716796875,-14.23828125,1
gh5-00136,-169.6728515625,-14.3701171875,-169.62890625,-14.326171875,1
gh5-00137,-169.716796875,-14.4140625,-169.6728515625,-14.3701171875,1
gh5-00138,-169.7607421875,-14.3701171875,-169.716796875,-14.326171875,1
gh5-00139,-169.7607421875,-14.4140625,-169.716796875,-14.3701171875,1
gh5-00140,-169.8046875,-14.4140625,-169.7607421875,-14.3701171875,1
gh5-00141,-169.892578125,-14.23828125,-169.8486328125,-14.1943359375,1
gh5-00142,-170.1123046875,-14.23828125,-170.068359375,-14.1943359375,1
gh5-00143,-170.1123046875,-14.58984375,-170.068359375,-14.5458984375,1
gh5-00144,-169.98046875,-14.94140625,-169.9365234375,-14.8974609375,1
gh5-00145,-170.4638671875,-14.2822265625,-170.419921875,-14.23828125,1
gh5-00146,-170.4638671875,-14.3701171875,-170.419921875,-14.326171875,1
gh5-00147,-170.595703125,-14.3701171875,-170.5517578125,-14.326171875,1
gh5-00148,-170.859375,-14.5458984375,-170.8154296875,-14.501953125,1
gh5-00149,-170.9912109375,-14.23828125,-170.947265625,-14.1943359375,1
gh5-00150,-170.9912109375,-14.326171875,-170.947265625,-14.2822265625,1
